sent;errors;begin;end;total;test_size;packet_size
0;0;0;0;0;100;100
2076;2923;847;0
3938;4786;848;0
5801;6660;859;0
7675;8522;847;0
9538;10386;848;0
11402;12250;848;0
13265;14112;847;0
15127;15963;836;0
16978;17837;859;0
18852;19697;845;0
20713;21558;845;0
22574;23415;841;0
24431;25269;838;0
26285;27126;841;0
28142;28999;857;0
30014;30864;850;0
31880;32747;867;1
33763;34606;843;0
35621;36468;847;0
37483;38340;857;0
39355;40212;857;0
41227;42073;846;0
43087;43942;855;0
44957;45809;852;0
46825;47668;843;0
48684;49529;845;0
50545;51390;845;0
52406;53257;851;0
54273;55110;837;0
56126;56981;855;0
57997;58857;860;0
59872;60726;854;0
61742;62598;856;0
63613;64463;850;0
65479;66336;857;0
67352;68197;845;0
69212;70061;849;0
71076;71924;848;0
72939;73790;851;0
74806;75655;849;0
76670;77528;858;0
78542;79396;854;0
80412;81260;848;0
82276;83130;854;0
84146;84979;833;0
85995;86845;850;0
87860;88716;856;0
89732;90589;857;0
91604;92450;846;0
93466;94314;848;0
95330;96178;848;0
97193;98032;839;0
99048;99893;845;0
100908;101746;838;0
102762;103615;853;0
104631;105466;835;0
106482;107336;854;0
108352;109195;843;0
110211;111065;854;0
112079;112940;861;0
113955;114798;843;0
115814;116643;829;0
117659;118507;848;0
119522;120364;842;0
121379;122235;856;0
123250;124089;839;0
125105;125954;849;0
126968;127825;857;0
128841;129699;858;0
130715;131571;856;0
132587;133428;841;0
134443;135297;854;0
136312;137156;844;0
138172;139025;853;0
140040;140898;858;0
141913;142746;833;0
143761;144613;852;0
145629;146477;848;0
147492;148339;847;0
149355;150212;857;0
151228;152072;844;0
153088;153943;855;0
154958;155803;845;0
156819;157670;851;0
